"id,""timestamp"",""device_id"",""device_name"",""current"",""voltage"",""power"",""channel"""
"331,""2026-06-09T11:51:39.895192"",""esp32-01"",""esp32-01"",""0.326"",""230"",""75"","""""
"330,""2026-06-09T11:51:34.673807"",""esp32-01"",""esp32-01"",""0.328"",""230"",""75.4"","""""
"329,""2026-06-09T11:51:29.457070"",""esp32-01"",""esp32-01"",""0.311"",""230"",""71.5"","""""
"328,""2026-06-09T11:51:24.331184"",""esp32-01"",""esp32-01"",""0.316"",""230"",""72.7"","""""
"327,""2026-06-09T11:51:19.007129"",""esp32-01"",""esp32-01"",""1.143"",""230"",""263"","""""
"326,""2026-06-09T11:51:13.683626"",""esp32-01"",""esp32-01"",""0.312"",""230"",""71.8"","""""
"325,""2026-06-09T11:51:09.215103"",""esp32-01"",""esp32-01"",""0.313"",""230"",""72.1"","""""
"324,""2026-06-09T11:51:03.201527"",""esp32-01"",""esp32-01"",""0.31"",""230"",""71.4"","""""
"323,""2026-06-09T11:50:58.014596"",""esp32-01"",""esp32-01"",""0.314"",""230"",""72.3"","""""
"322,""2026-06-09T11:50:52.791157"",""esp32-01"",""esp32-01"",""0.318"",""230"",""73"","""""
"321,""2026-06-09T11:50:47.571013"",""esp32-01"",""esp32-01"",""0.315"",""230"",""72.5"","""""
"320,""2026-06-09T11:50:42.347180"",""esp32-01"",""esp32-01"",""0.313"",""230"",""71.9"","""""
"319,""2026-06-09T11:50:37.049998"",""esp32-01"",""esp32-01"",""0.311"",""230"",""71.5"","""""
"318,""2026-06-09T11:50:31.902622"",""esp32-01"",""esp32-01"",""0.312"",""230"",""71.7"","""""
"317,""2026-06-09T11:50:26.784252"",""esp32-01"",""esp32-01"",""0.319"",""230"",""73.4"","""""
"316,""2026-06-09T11:50:21.560251"",""esp32-01"",""esp32-01"",""0.31"",""230"",""71.4"","""""
"315,""2026-06-09T11:50:16.440898"",""esp32-01"",""esp32-01"",""0.316"",""230"",""72.6"","""""
"314,""2026-06-09T11:50:10.934160"",""esp32-01"",""esp32-01"",""0.312"",""230"",""71.7"","""""
"313,""2026-06-09T11:50:05.790824"",""esp32-01"",""esp32-01"",""0.315"",""230"",""72.5"","""""
"312,""2026-06-09T11:50:00.568256"",""esp32-01"",""esp32-01"",""0.317"",""230"",""73"","""""
"311,""2026-06-09T11:49:55.268723"",""esp32-01"",""esp32-01"",""0.312"",""230"",""71.9"","""""
"310,""2026-06-09T11:49:50.029802"",""esp32-01"",""esp32-01"",""0.311"",""230"",""71.5"","""""
"309,""2026-06-09T11:49:44.799282"",""esp32-01"",""esp32-01"",""0.309"",""230"",""71"","""""
"308,""2026-06-09T11:49:39.557818"",""esp32-01"",""esp32-01"",""0.316"",""230"",""72.6"","""""
"307,""2026-06-09T11:49:34.354662"",""esp32-01"",""esp32-01"",""0.312"",""230"",""71.7"","""""
"306,""2026-06-09T11:49:29.234300"",""esp32-01"",""esp32-01"",""0.31"",""230"",""71.4"","""""
"305,""2026-06-09T11:49:23.909210"",""esp32-01"",""esp32-01"",""0.314"",""230"",""72.3"","""""
"304,""2026-06-09T11:49:18.664917"",""esp32-01"",""esp32-01"",""0.324"",""230"",""74.5"","""""
"303,""2026-06-09T11:49:13.260300"",""esp32-01"",""esp32-01"",""0.311"",""230"",""71.6"","""""
"302,""2026-06-09T11:49:08.023370"",""esp32-01"",""esp32-01"",""0.314"",""230"",""72.1"","""""
"301,""2026-06-09T11:49:02.814738"",""esp32-01"",""esp32-01"",""0.325"",""230"",""74.8"","""""
"300,""2026-06-09T11:48:57.592900"",""esp32-01"",""esp32-01"",""0.313"",""230"",""72"","""""
"299,""2026-06-09T11:48:52.356950"",""esp32-01"",""esp32-01"",""0.322"",""230"",""74"","""""
"298,""2026-06-09T11:48:47.135503"",""esp32-01"",""esp32-01"",""0.312"",""230"",""71.6"","""""
"297,""2026-06-09T11:48:41.928409"",""esp32-01"",""esp32-01"",""0.315"",""230"",""72.4"","""""
"296,""2026-06-09T11:48:36.806632"",""esp32-01"",""esp32-01"",""0.31"",""230"",""71.2"","""""
"295,""2026-06-09T11:48:31.583769"",""esp32-01"",""esp32-01"",""0.314"",""230"",""72.1"","""""
"294,""2026-06-09T11:48:26.359564"",""esp32-01"",""esp32-01"",""0.311"",""230"",""71.5"","""""
"293,""2026-06-09T11:48:21.137450"",""esp32-01"",""esp32-01"",""0.309"",""230"",""71.1"","""""
"292,""2026-06-09T11:48:15.814294"",""esp32-01"",""esp32-01"",""0.311"",""230"",""71.5"","""""
"291,""2026-06-09T11:48:10.593205"",""esp32-01"",""esp32-01"",""0.313"",""230"",""72"","""""
"290,""2026-06-09T11:48:05.369839"",""esp32-01"",""esp32-01"",""0.309"",""230"",""71.2"","""""
"289,""2026-06-09T11:48:00.146094"",""esp32-01"",""esp32-01"",""0.318"",""230"",""73.2"","""""
"288,""2026-06-09T11:47:55.435783"",""esp32-01"",""esp32-01"",""0.307"",""230"",""70.6"","""""
"287,""2026-06-09T11:47:49.722765"",""esp32-01"",""esp32-01"",""0.308"",""230"",""70.8"","""""
"286,""2026-06-09T11:47:44.479852"",""esp32-01"",""esp32-01"",""0.319"",""230"",""73.4"","""""
"285,""2026-06-09T11:47:39.154450"",""esp32-01"",""esp32-01"",""0.309"",""230"",""71.1"","""""
"284,""2026-06-09T11:47:34.034931"",""esp32-01"",""esp32-01"",""0.312"",""230"",""71.8"","""""
"283,""2026-06-09T11:47:28.774394"",""esp32-01"",""esp32-01"",""0.308"",""230"",""70.8"","""""
"282,""2026-06-09T11:47:23.487332"",""esp32-01"",""esp32-01"",""0.314"",""230"",""72.2"","""""
"281,""2026-06-09T11:47:18.367934"",""esp32-01"",""esp32-01"",""0.303"",""230"",""69.7"","""""
"280,""2026-06-09T11:47:12.941078"",""esp32-01"",""esp32-01"",""0.299"",""230"",""68.8"","""""
"279,""2026-06-09T11:47:07.691069"",""esp32-01"",""esp32-01"",""0.322"",""230"",""74"","""""
"278,""2026-06-09T11:47:02.496243"",""esp32-01"",""esp32-01"",""0.31"",""230"",""71.4"","""""
"277,""2026-06-09T11:46:57.272682"",""esp32-01"",""esp32-01"",""0.312"",""230"",""71.8"","""""
"276,""2026-06-09T11:46:52.025247"",""esp32-01"",""esp32-01"",""0.312"",""230"",""71.7"","""""
"275,""2026-06-09T11:46:46.838734"",""esp32-01"",""esp32-01"",""0.321"",""230"",""73.8"","""""
"274,""2026-06-09T11:46:41.599154"",""esp32-01"",""esp32-01"",""0.316"",""230"",""72.6"","""""
"273,""2026-06-09T11:46:36.280421"",""esp32-01"",""esp32-01"",""0.311"",""230"",""71.5"","""""
"272,""2026-06-09T11:46:30.957548"",""esp32-01"",""esp32-01"",""0.311"",""230"",""71.5"","""""
"271,""2026-06-09T11:46:25.735156"",""esp32-01"",""esp32-01"",""0.315"",""230"",""72.4"","""""
"270,""2026-06-09T11:46:20.512936"",""esp32-01"",""esp32-01"",""0.319"",""230"",""73.3"","""""
"269,""2026-06-09T11:46:15.288813"",""esp32-01"",""esp32-01"",""0.319"",""230"",""73.3"","""""
"268,""2026-06-09T11:46:10.170125"",""esp32-01"",""esp32-01"",""0.317"",""230"",""72.8"","""""
"267,""2026-06-09T11:46:04.947885"",""esp32-01"",""esp32-01"",""0.323"",""230"",""74.3"","""""
"266,""2026-06-09T11:45:59.739513"",""esp32-01"",""esp32-01"",""0.356"",""230"",""81.8"","""""
"265,""2026-06-09T11:39:48.227757"",""esp32-01"",""esp32-01"",""0.396"",""230"",""91"","""""
"264,""2026-06-09T11:39:42.903904"",""esp32-01"",""esp32-01"",""0.4"",""230"",""92.1"","""""
"263,""2026-06-09T11:39:37.681482"",""esp32-01"",""esp32-01"",""0.398"",""230"",""91.5"","""""
"262,""2026-06-09T11:39:32.459497"",""esp32-01"",""esp32-01"",""0.4"",""230"",""92"","""""
"261,""2026-06-09T11:39:27.340517"",""esp32-01"",""esp32-01"",""0.43"",""230"",""98.8"","""""
"260,""2026-06-09T11:39:21.728414"",""esp32-01"",""esp32-01"",""0.414"",""230"",""95.2"","""""
"259,""2026-06-09T11:39:16.598493"",""esp32-01"",""esp32-01"",""0.41"",""230"",""94.3"","""""
"258,""2026-06-09T11:39:11.280829"",""esp32-01"",""esp32-01"",""0.409"",""230"",""94.2"","""""
"257,""2026-06-09T11:39:06.142377"",""esp32-01"",""esp32-01"",""0.458"",""230"",""105.3"","""""
"256,""2026-06-09T11:39:00.919748"",""esp32-01"",""esp32-01"",""0.42"",""230"",""96.5"","""""
"255,""2026-06-09T11:38:55.697196"",""esp32-01"",""esp32-01"",""0.415"",""230"",""95.4"","""""
"254,""2026-06-09T11:38:50.396029"",""esp32-01"",""esp32-01"",""0.412"",""230"",""94.8"","""""
"253,""2026-06-09T11:38:45.150624"",""esp32-01"",""esp32-01"",""0.423"",""230"",""97.2"","""""
"252,""2026-06-09T11:38:39.847869"",""esp32-01"",""esp32-01"",""0.459"",""230"",""105.6"","""""
"251,""2026-06-09T11:38:34.642760"",""esp32-01"",""esp32-01"",""0.464"",""230"",""106.7"","""""
"250,""2026-06-09T11:38:29.405148"",""esp32-01"",""esp32-01"",""0.449"",""230"",""103.4"","""""
"249,""2026-06-09T11:38:24.186517"",""esp32-01"",""esp32-01"",""0.454"",""230"",""104.3"","""""
"248,""2026-06-09T11:38:18.961731"",""esp32-01"",""esp32-01"",""0.45"",""230"",""103.4"","""""
"247,""2026-06-09T11:38:13.816142"",""esp32-01"",""esp32-01"",""8.463"",""230"",""1946.6"","""""
"246,""2026-06-09T11:38:08.593900"",""esp32-01"",""esp32-01"",""8.473"",""230"",""1948.7"","""""
"245,""2026-06-09T11:38:03.370324"",""esp32-01"",""esp32-01"",""8.505"",""230"",""1956.2"","""""
"244,""2026-06-09T11:37:58.147880"",""esp32-01"",""esp32-01"",""8.555"",""230"",""1967.7"","""""
"243,""2026-06-09T11:37:52.852145"",""esp32-01"",""esp32-01"",""0.447"",""230"",""102.7"","""""
"242,""2026-06-09T11:37:47.717353"",""esp32-01"",""esp32-01"",""0.375"",""230"",""86.1"","""""
"241,""2026-06-09T11:37:42.481608"",""esp32-01"",""esp32-01"",""0.88"",""230"",""202.4"","""""
"240,""2026-06-09T11:37:37.259407"",""esp32-01"",""esp32-01"",""0.016"",""230"",""3.7"","""""
"239,""2026-06-09T11:37:31.965578"",""esp32-01"",""esp32-01"",""0.015"",""230"",""3.4"","""""
"238,""2026-06-09T11:37:27.045438"",""esp32-01"",""esp32-01"",""0.016"",""230"",""3.6"","""""
"237,""2026-06-09T11:37:21.606776"",""esp32-01"",""esp32-01"",""0.016"",""230"",""3.6"","""""
"236,""2026-06-09T11:37:16.270755"",""esp32-01"",""esp32-01"",""0.015"",""230"",""3.5"","""""
"235,""2026-06-09T11:37:11.352640"",""esp32-01"",""esp32-01"",""0.015"",""230"",""3.5"","""""
"234,""2026-06-09T11:37:05.925267"",""esp32-01"",""esp32-01"",""0.015"",""230"",""3.4"","""""
"233,""2026-06-09T11:37:00.596612"",""esp32-01"",""esp32-01"",""0.014"",""230"",""3.1"","""""
"232,""2026-06-09T11:36:55.480120"",""esp32-01"",""esp32-01"",""0.015"",""230"",""3.5"","""""
"231,""2026-06-09T11:36:50.258186"",""esp32-01"",""esp32-01"",""0.017"",""230"",""3.9"","""""
"230,""2026-06-09T11:36:44.933844"",""esp32-01"",""esp32-01"",""0.014"",""230"",""3.2"","""""
"229,""2026-06-09T11:36:39.509806"",""esp32-01"",""esp32-01"",""0.016"",""230"",""3.7"","""""
"228,""2026-06-09T11:36:34.384979"",""esp32-01"",""esp32-01"",""0.016"",""230"",""3.7"","""""
"227,""2026-06-09T11:36:29.162971"",""esp32-01"",""esp32-01"",""0.014"",""230"",""3.2"","""""
"226,""2026-06-09T11:36:23.940517"",""esp32-01"",""esp32-01"",""0.014"",""230"",""3.2"","""""
"225,""2026-06-09T11:36:18.622533"",""esp32-01"",""esp32-01"",""0.016"",""230"",""3.6"","""""
"224,""2026-06-09T11:36:13.599009"",""esp32-01"",""esp32-01"",""1.232"",""230"",""283.3"","""""
"223,""2026-06-09T11:36:07.961121"",""esp32-01"",""esp32-01"",""0.014"",""230"",""3.2"","""""
"222,""2026-06-09T11:36:02.752125"",""esp32-01"",""esp32-01"",""0.016"",""230"",""3.7"","""""
"221,""2026-06-09T11:35:57.522023"",""esp32-01"",""esp32-01"",""0.016"",""230"",""3.7"","""""
"220,""2026-06-09T11:35:52.293453"",""esp32-01"",""esp32-01"",""0.014"",""230"",""3.2"","""""
"219,""2026-06-09T11:35:47.069950"",""esp32-01"",""esp32-01"",""0.014"",""230"",""3.3"","""""
"218,""2026-06-09T11:35:41.852736"",""esp32-01"",""esp32-01"",""0.016"",""230"",""3.7"","""""
"217,""2026-06-09T11:35:36.840293"",""esp32-01"",""esp32-01"",""0.014"",""230"",""3.1"","""""
"216,""2026-06-09T11:35:31.409662"",""esp32-01"",""esp32-01"",""0.015"",""230"",""3.4"","""""
"215,""2026-06-09T11:35:26.290623"",""esp32-01"",""esp32-01"",""0.014"",""230"",""3.2"","""""
"214,""2026-06-09T11:35:20.873034"",""esp32-01"",""esp32-01"",""0.016"",""230"",""3.6"","""""
"213,""2026-06-09T11:35:15.650478"",""esp32-01"",""esp32-01"",""0.015"",""230"",""3.5"","""""
"212,""2026-06-09T11:35:10.523565"",""esp32-01"",""esp32-01"",""0.016"",""230"",""3.6"","""""
"211,""2026-06-09T11:35:05.297291"",""esp32-01"",""esp32-01"",""0.015"",""230"",""3.4"","""""
"210,""2026-06-09T11:35:00.299293"",""esp32-01"",""esp32-01"",""0.016"",""230"",""3.8"","""""
"209,""2026-06-09T11:34:54.822595"",""esp32-01"",""esp32-01"",""0.015"",""230"",""3.4"","""""
"208,""2026-06-09T11:34:49.551706"",""esp32-01"",""esp32-01"",""0.014"",""230"",""3.2"","""""
"207,""2026-06-09T11:34:44.319744"",""esp32-01"",""esp32-01"",""0.016"",""230"",""3.7"","""""
"206,""2026-06-09T11:34:39.186505"",""esp32-01"",""esp32-01"",""0.016"",""230"",""3.6"","""""
"205,""2026-06-09T11:34:33.964046"",""esp32-01"",""esp32-01"",""0.015"",""230"",""3.5"","""""
"204,""2026-06-09T11:34:28.742094"",""esp32-01"",""esp32-01"",""0.015"",""230"",""3.4"","""""
"203,""2026-06-09T11:34:23.425956"",""esp32-01"",""esp32-01"",""0.015"",""230"",""3.4"","""""
"202,""2026-06-09T11:34:18.202156"",""esp32-01"",""esp32-01"",""0.015"",""230"",""3.6"","""""
"201,""2026-06-09T11:34:12.980806"",""esp32-01"",""esp32-01"",""0.012"",""230"",""2.7"","""""
"200,""2026-06-09T11:34:07.749650"",""esp32-01"",""esp32-01"",""0.015"",""230"",""3.4"","""""
"199,""2026-06-09T11:34:02.634265"",""esp32-01"",""esp32-01"",""0.015"",""230"",""3.5"","""""
"198,""2026-06-09T11:33:57.304911"",""esp32-01"",""esp32-01"",""0.016"",""230"",""3.8"","""""
"197,""2026-06-09T11:33:52.024567"",""esp32-01"",""esp32-01"",""0.451"",""230"",""103.8"","""""
"196,""2026-06-09T11:33:46.860923"",""esp32-01"",""esp32-01"",""0.446"",""230"",""102.6"","""""
"195,""2026-06-09T11:33:41.580137"",""esp32-01"",""esp32-01"",""8.429"",""230"",""1938.6"","""""
"194,""2026-06-09T11:33:36.356602"",""esp32-01"",""esp32-01"",""8.653"",""230"",""1990.2"","""""
"193,""2026-06-09T11:33:30.935655"",""esp32-01"",""esp32-01"",""8.437"",""230"",""1940.5"","""""
"192,""2026-06-09T11:33:25.868414"",""esp32-01"",""esp32-01"",""8.42"",""230"",""1936.7"","""""
"191,""2026-06-09T11:33:20.491098"",""esp32-01"",""esp32-01"",""8.449"",""230"",""1943.3"","""""
"190,""2026-06-09T11:33:15.270716"",""esp32-01"",""esp32-01"",""8.466"",""230"",""1947.2"","""""
"189,""2026-06-09T11:33:10.046067"",""esp32-01"",""esp32-01"",""8.514"",""230"",""1958.2"","""""
"188,""2026-06-09T11:33:04.823421"",""esp32-01"",""esp32-01"",""8.532"",""230"",""1962.4"","""""
"187,""2026-06-09T11:32:59.598923"",""esp32-01"",""esp32-01"",""8.348"",""230"",""1920.1"","""""
"186,""2026-06-09T11:32:54.329106"",""esp32-01"",""esp32-01"",""8.592"",""230"",""1976.1"","""""
"185,""2026-06-09T11:32:49.026317"",""esp32-01"",""esp32-01"",""8.611"",""230"",""1980.6"","""""
"184,""2026-06-09T11:32:43.986485"",""esp32-01"",""esp32-01"",""0.461"",""230"",""106.1"","""""
"183,""2026-06-09T11:32:38.662244"",""esp32-01"",""esp32-01"",""0.462"",""230"",""106.2"","""""
"182,""2026-06-09T11:32:33.360561"",""esp32-01"",""esp32-01"",""1.797"",""230"",""413.4"","""""
"181,""2026-06-09T11:32:28.011791"",""esp32-01"",""esp32-01"",""0.451"",""230"",""103.8"","""""
"180,""2026-06-09T11:32:22.717690"",""esp32-01"",""esp32-01"",""0.462"",""230"",""106.3"","""""
"179,""2026-06-09T11:32:17.772444"",""esp32-01"",""esp32-01"",""0.452"",""230"",""103.9"","""""
"178,""2026-06-09T11:32:12.346750"",""esp32-01"",""esp32-01"",""0.453"",""230"",""104.3"","""""
"177,""2026-06-09T11:32:07.066494"",""esp32-01"",""esp32-01"",""0.462"",""230"",""106.2"","""""
"176,""2026-06-09T11:32:01.844606"",""esp32-01"",""esp32-01"",""0.45"",""230"",""103.5"","""""
"175,""2026-06-09T11:31:56.627831"",""esp32-01"",""esp32-01"",""1.794"",""230"",""412.5"","""""
"174,""2026-06-09T11:31:51.208248"",""esp32-01"",""esp32-01"",""0.452"",""230"",""103.9"","""""
"173,""2026-06-09T11:31:46.336830"",""esp32-01"",""esp32-01"",""0.451"",""230"",""103.6"","""""
"172,""2026-06-09T11:31:40.804810"",""esp32-01"",""esp32-01"",""0.445"",""230"",""102.4"","""""
"171,""2026-06-09T11:31:35.502505"",""esp32-01"",""esp32-01"",""0.451"",""230"",""103.8"","""""
"170,""2026-06-09T11:31:30.288186"",""esp32-01"",""esp32-01"",""0.454"",""230"",""104.3"","""""
"169,""2026-06-09T11:31:25.058862"",""esp32-01"",""esp32-01"",""0.181"",""230"",""41.5"","""""
"168,""2026-06-09T11:31:19.836130"",""esp32-01"",""esp32-01"",""0.023"",""230"",""5.3"","""""
"167,""2026-06-09T11:31:14.591234"",""esp32-01"",""esp32-01"",""0.92"",""230"",""211.5"","""""
"166,""2026-06-09T11:31:09.368503"",""esp32-01"",""esp32-01"",""0.016"",""230"",""3.6"","""""
"165,""2026-06-09T11:31:04.148030"",""esp32-01"",""esp32-01"",""0.014"",""230"",""3.1"","""""
"164,""2026-06-09T11:30:58.924814"",""esp32-01"",""esp32-01"",""0.015"",""230"",""3.6"","""""
"163,""2026-06-09T11:30:53.705586"",""esp32-01"",""esp32-01"",""1.74"",""230"",""400.2"","""""
"162,""2026-06-09T11:30:48.322658"",""esp32-01"",""esp32-01"",""0.016"",""230"",""3.6"","""""
"161,""2026-06-09T11:30:43.004326"",""esp32-01"",""esp32-01"",""0.016"",""230"",""3.7"","""""
"160,""2026-06-09T11:30:37.777472"",""esp32-01"",""esp32-01"",""0.014"",""230"",""3.2"","""""
"159,""2026-06-09T11:30:32.622178"",""esp32-01"",""esp32-01"",""0.014"",""230"",""3.3"","""""
"158,""2026-06-09T11:30:27.488188"",""esp32-01"",""esp32-01"",""0.015"",""230"",""3.6"","""""
"157,""2026-06-09T11:30:22.112819"",""esp32-01"",""esp32-01"",""0.014"",""230"",""3.2"","""""
"156,""2026-06-09T11:30:16.888942"",""esp32-01"",""esp32-01"",""0.015"",""230"",""3.4"","""""
"155,""2026-06-09T11:30:11.718289"",""esp32-01"",""esp32-01"",""0.014"",""230"",""3.1"","""""
"154,""2026-06-09T11:30:06.416960"",""esp32-01"",""esp32-01"",""0.014"",""230"",""3.2"","""""
"153,""2026-06-09T11:30:01.193653"",""esp32-01"",""esp32-01"",""0.014"",""230"",""3.3"","""""
"152,""2026-06-09T11:29:56.155480"",""esp32-01"",""esp32-01"",""0.014"",""230"",""3.3"","""""
"151,""2026-06-09T11:29:50.829865"",""esp32-01"",""esp32-01"",""0.015"",""230"",""3.4"","""""
"150,""2026-06-09T11:29:45.606432"",""esp32-01"",""esp32-01"",""0.015"",""230"",""3.5"","""""
"149,""2026-06-09T11:29:40.486589"",""esp32-01"",""esp32-01"",""0.014"",""230"",""3.2"","""""
"148,""2026-06-09T11:29:35.098085"",""esp32-01"",""esp32-01"",""0.014"",""230"",""3.2"","""""
"147,""2026-06-09T11:29:29.927291"",""esp32-01"",""esp32-01"",""0.014"",""230"",""3.3"","""""
"146,""2026-06-09T11:29:24.641747"",""esp32-01"",""esp32-01"",""0.015"",""230"",""3.5"","""""
"145,""2026-06-09T11:29:19.443581"",""esp32-01"",""esp32-01"",""0.014"",""230"",""3.3"","""""
"144,""2026-06-09T11:29:14.196536"",""esp32-01"",""esp32-01"",""0.014"",""230"",""3.3"","""""
"143,""2026-06-09T11:29:08.985482"",""esp32-01"",""esp32-01"",""0.015"",""230"",""3.5"","""""
"142,""2026-06-09T11:29:03.761769"",""esp32-01"",""esp32-01"",""0.016"",""230"",""3.6"","""""
"141,""2026-06-09T11:28:58.606109"",""esp32-01"",""esp32-01"",""0.014"",""230"",""3.2"","""""
"140,""2026-06-09T11:28:53.383036"",""esp32-01"",""esp32-01"",""0.02"",""230"",""4.6"","""""
"139,""2026-06-09T11:28:47.932821"",""esp32-01"",""esp32-01"",""0.015"",""230"",""3.4"","""""
"138,""2026-06-09T11:28:42.746525"",""esp32-01"",""esp32-01"",""0.014"",""230"",""3.2"","""""
"137,""2026-06-09T11:28:37.488344"",""esp32-01"",""esp32-01"",""0.014"",""230"",""3.2"","""""
"136,""2026-06-09T11:28:32.268511"",""esp32-01"",""esp32-01"",""8.069"",""230"",""1855.8"","""""
"135,""2026-06-09T11:28:27.066413"",""esp32-01"",""esp32-01"",""8.077"",""230"",""1857.8"","""""
"134,""2026-06-09T11:28:21.844433"",""esp32-01"",""esp32-01"",""8.078"",""230"",""1858"","""""
"133,""2026-06-09T11:28:16.604146"",""esp32-01"",""esp32-01"",""8.398"",""230"",""1931.4"","""""
"132,""2026-06-09T11:28:11.193811"",""esp32-01"",""esp32-01"",""8.109"",""230"",""1865.2"","""""
"131,""2026-06-09T11:28:06.001006"",""esp32-01"",""esp32-01"",""8.132"",""230"",""1870.5"","""""
"130,""2026-06-09T11:28:00.796454"",""esp32-01"",""esp32-01"",""8.203"",""230"",""1886.7"","""""
"129,""2026-06-09T11:27:55.730728"",""esp32-01"",""esp32-01"",""0.016"",""230"",""3.6"","""""
"128,""2026-06-09T11:27:50.282588"",""esp32-01"",""esp32-01"",""0.016"",""230"",""3.7"","""""
"127,""2026-06-09T11:27:45.096559"",""esp32-01"",""esp32-01"",""0.014"",""230"",""3.2"","""""
"126,""2026-06-09T11:27:39.883114"",""esp32-01"",""esp32-01"",""8.114"",""230"",""1866.2"","""""
"125,""2026-06-09T11:27:34.615106"",""esp32-01"",""esp32-01"",""8.154"",""230"",""1875.5"","""""
"124,""2026-06-09T11:27:29.415415"",""esp32-01"",""esp32-01"",""0.013"",""230"",""2.9"","""""
"123,""2026-06-09T11:27:24.192404"",""esp32-01"",""esp32-01"",""0.014"",""230"",""3.3"","""""
"122,""2026-06-09T11:27:18.970641"",""esp32-01"",""esp32-01"",""0.015"",""230"",""3.3"","""""
"121,""2026-06-09T11:27:13.793715"",""esp32-01"",""esp32-01"",""0.016"",""230"",""3.6"","""""
"120,""2026-06-09T11:27:08.525578"",""esp32-01"",""esp32-01"",""8.052"",""230"",""1852"","""""
"119,""2026-06-09T11:27:03.419085"",""esp32-01"",""esp32-01"",""8.095"",""230"",""1861.9"","""""
"118,""2026-06-09T11:26:58.388368"",""esp32-01"",""esp32-01"",""8.133"",""230"",""1870.6"","""""
"117,""2026-06-09T11:26:52.982685"",""esp32-01"",""esp32-01"",""0.014"",""230"",""3.2"","""""
"116,""2026-06-09T11:26:47.736836"",""esp32-01"",""esp32-01"",""0.014"",""230"",""3.2"","""""
"115,""2026-06-09T11:26:42.352491"",""esp32-01"",""esp32-01"",""0.002"",""230"",""0.5"","""""
"114,""2026-06-09T11:26:37.133623"",""esp32-01"",""esp32-01"",""1.235"",""230"",""284.1"","""""
"113,""2026-06-09T11:26:31.770605"",""esp32-01"",""esp32-01"",""0.007"",""230"",""1.5"","""""
"112,""2026-06-09T11:26:26.543272"",""esp32-01"",""esp32-01"",""0.008"",""230"",""1.7"","""""
"111,""2026-06-09T11:26:21.386453"",""esp32-01"",""esp32-01"",""0.007"",""230"",""1.6"","""""
"110,""2026-06-09T11:26:16.084551"",""esp32-01"",""esp32-01"",""0.008"",""230"",""1.8"","""""
"109,""2026-06-09T11:26:10.872879"",""esp32-01"",""esp32-01"",""0.006"",""230"",""1.5"","""""
"108,""2026-06-09T11:26:05.639593"",""esp32-01"",""esp32-01"",""0.008"",""230"",""1.7"","""""
"107,""2026-06-09T11:26:00.417458"",""esp32-01"",""esp32-01"",""1.562"",""230"",""359.3"","""""
"106,""2026-06-09T11:25:55.020293"",""esp32-01"",""esp32-01"",""0.007"",""230"",""1.5"","""""
"105,""2026-06-09T11:25:49.882536"",""esp32-01"",""esp32-01"",""0.007"",""230"",""1.7"","""""
"104,""2026-06-09T11:25:44.576129"",""esp32-01"",""esp32-01"",""0.006"",""230"",""1.5"","""""
"103,""2026-06-09T11:25:39.352314"",""esp32-01"",""esp32-01"",""0.008"",""230"",""1.7"","""""
"102,""2026-06-09T11:25:34.213953"",""esp32-01"",""esp32-01"",""0.006"",""230"",""1.5"","""""
"101,""2026-06-09T11:25:28.907241"",""esp32-01"",""esp32-01"",""0.007"",""230"",""1.6"","""""
"100,""2026-06-09T11:25:23.771650"",""esp32-01"",""esp32-01"",""0.007"",""230"",""1.7"","""""
"99,""2026-06-09T11:25:18.547991"",""esp32-01"",""esp32-01"",""0.007"",""230"",""1.6"","""""
"98,""2026-06-09T11:25:13.324166"",""esp32-01"",""esp32-01"",""0.007"",""230"",""1.6"","""""
"97,""2026-06-09T11:25:08.205754"",""esp32-01"",""esp32-01"",""0.007"",""230"",""1.7"","""""
"96,""2026-06-09T11:25:02.982060"",""esp32-01"",""esp32-01"",""2.258"",""230"",""519.2"","""""
"95,""2026-06-09T11:24:57.573091"",""esp32-01"",""esp32-01"",""2.257"",""230"",""519.1"","""""
"94,""2026-06-09T11:24:52.349895"",""esp32-01"",""esp32-01"",""2.258"",""230"",""519.4"","""""
"93,""2026-06-09T11:24:47.330400"",""esp32-01"",""esp32-01"",""2.257"",""230"",""519.1"","""""
"92,""2026-06-09T11:24:41.905706"",""esp32-01"",""esp32-01"",""2.258"",""230"",""519.3"","""""
"91,""2026-06-09T11:24:36.767591"",""esp32-01"",""esp32-01"",""2.242"",""230"",""515.7"","""""
"90,""2026-06-09T11:24:31.398317"",""esp32-01"",""esp32-01"",""2.259"",""230"",""519.5"","""""
"89,""2026-06-09T11:24:26.177226"",""esp32-01"",""esp32-01"",""2.26"",""230"",""519.8"","""""
"88,""2026-06-09T11:24:20.953768"",""esp32-01"",""esp32-01"",""2.258"",""230"",""519.5"","""""
"87,""2026-06-09T11:24:15.781367"",""esp32-01"",""esp32-01"",""2.26"",""230"",""519.8"","""""
"86,""2026-06-09T11:24:10.657191"",""esp32-01"",""esp32-01"",""2.261"",""230"",""520.1"","""""
"85,""2026-06-09T11:24:05.333176"",""esp32-01"",""esp32-01"",""2.266"",""230"",""521.2"","""""
"84,""2026-06-09T11:24:00.228446"",""esp32-01"",""esp32-01"",""2.387"",""230"",""548.9"","""""
"83,""2026-06-09T11:23:54.683115"",""esp32-01"",""esp32-01"",""2.291"",""230"",""527"","""""
"82,""2026-06-09T11:23:49.429689"",""esp32-01"",""esp32-01"",""0.006"",""230"",""1.5"","""""
"81,""2026-06-09T11:23:44.236898"",""esp32-01"",""esp32-01"",""0.007"",""230"",""1.7"","""""
"80,""2026-06-09T11:23:38.973445"",""esp32-01"",""esp32-01"",""0.008"",""230"",""1.8"","""""
"79,""2026-06-09T11:23:33.829454"",""esp32-01"",""esp32-01"",""1.562"",""230"",""359.4"","""""
"78,""2026-06-09T11:23:28.365241"",""esp32-01"",""esp32-01"",""0.007"",""230"",""1.5"","""""
"77,""2026-06-09T11:23:23.143022"",""esp32-01"",""esp32-01"",""0.008"",""230"",""1.8"","""""
"76,""2026-06-09T11:23:17.885417"",""esp32-01"",""esp32-01"",""0.007"",""230"",""1.5"","""""
"75,""2026-06-09T11:23:12.663610"",""esp32-01"",""esp32-01"",""0.006"",""230"",""1.5"","""""
"74,""2026-06-09T11:23:07.442353"",""esp32-01"",""esp32-01"",""0.008"",""230"",""1.8"","""""
"73,""2026-06-09T11:23:02.253068"",""esp32-01"",""esp32-01"",""0.008"",""230"",""1.7"","""""
"72,""2026-06-09T11:22:57.134583"",""esp32-01"",""esp32-01"",""0.006"",""230"",""1.5"","""""
"71,""2026-06-09T11:22:51.807716"",""esp32-01"",""esp32-01"",""0.006"",""230"",""1.5"","""""
"70,""2026-06-09T11:22:46.693704"",""esp32-01"",""esp32-01"",""0.006"",""230"",""1.5"","""""
"69,""2026-06-09T11:22:41.293440"",""esp32-01"",""esp32-01"",""0.007"",""230"",""1.6"","""""
"68,""2026-06-09T11:22:36.149249"",""esp32-01"",""esp32-01"",""0.007"",""230"",""1.6"","""""
"67,""2026-06-09T11:22:30.919909"",""esp32-01"",""esp32-01"",""0.007"",""230"",""1.5"","""""
"66,""2026-06-09T11:22:25.711885"",""esp32-01"",""esp32-01"",""0.007"",""230"",""1.6"","""""
"65,""2026-06-09T11:22:20.473521"",""esp32-01"",""esp32-01"",""0.007"",""230"",""1.7"","""""
"64,""2026-06-09T11:22:15.252692"",""esp32-01"",""esp32-01"",""0.006"",""230"",""1.5"","""""
"63,""2026-06-09T11:22:10.053864"",""esp32-01"",""esp32-01"",""0.007"",""230"",""1.7"","""""
"62,""2026-06-09T11:22:04.807690"",""esp32-01"",""esp32-01"",""0.007"",""230"",""1.5"","""""
"61,""2026-06-09T11:21:59.585313"",""esp32-01"",""esp32-01"",""0.002"",""230"",""0.6"","""""
"60,""2026-06-09T11:21:54.465387"",""esp32-01"",""esp32-01"",""0.01"",""230"",""2.3"","""""
"59,""2026-06-09T11:21:49.449255"",""esp32-01"",""esp32-01"",""0.004"",""230"",""0.9"","""""
"58,""2026-06-09T11:21:44.123378"",""esp32-01"",""esp32-01"",""0.001"",""230"",""0.3"","""""
"57,""2026-06-09T11:21:39.321915"",""esp32-01"",""esp32-01"",""0.001"",""230"",""0.2"","""""
"56,""2026-06-09T11:21:33.405406"",""esp32-01"",""esp32-01"",""1.462"",""230"",""336.1"","""""
"55,""2026-06-09T11:21:28.148723"",""esp32-01"",""esp32-01"",""0.001"",""230"",""0.2"","""""
"54,""2026-06-09T11:21:22.809419"",""esp32-01"",""esp32-01"",""0.001"",""230"",""0.2"","""""
"53,""2026-06-09T11:21:17.599159"",""esp32-01"",""esp32-01"",""0.001"",""230"",""0.2"","""""
"52,""2026-06-09T11:21:12.379508"",""esp32-01"",""esp32-01"",""0.001"",""230"",""0.2"","""""
"51,""2026-06-09T11:21:07.162140"",""esp32-01"",""esp32-01"",""0.001"",""230"",""0.2"","""""
"50,""2026-06-09T11:21:02.138280"",""esp32-01"",""esp32-01"",""0.001"",""230"",""0.2"","""""
"49,""2026-06-09T11:20:56.696861"",""esp32-01"",""esp32-01"",""0.001"",""230"",""0.2"","""""
"48,""2026-06-09T11:20:51.471726"",""esp32-01"",""esp32-01"",""0.001"",""230"",""0.2"","""""
"47,""2026-06-09T11:20:46.251652"",""esp32-01"",""esp32-01"",""0.001"",""230"",""0.2"","""""
"46,""2026-06-09T11:20:41.046781"",""esp32-01"",""esp32-01"",""2.408"",""230"",""553.8"","""""
"45,""2026-06-09T11:20:35.629593"",""esp32-01"",""esp32-01"",""0.001"",""230"",""0.2"","""""
"44,""2026-06-09T11:20:30.407217"",""esp32-01"",""esp32-01"",""0.001"",""230"",""0.2"","""""
"43,""2026-06-09T11:20:25.177985"",""esp32-01"",""esp32-01"",""0.001"",""230"",""0.2"","""""
"42,""2026-06-09T11:20:19.950185"",""esp32-01"",""esp32-01"",""0.001"",""230"",""0.2"","""""
"41,""2026-06-09T11:20:14.730400"",""esp32-01"",""esp32-01"",""0.001"",""230"",""0.2"","""""
"40,""2026-06-09T11:20:09.505697"",""esp32-01"",""esp32-01"",""0.001"",""230"",""0.3"","""""
"39,""2026-06-09T11:20:04.386917"",""esp32-01"",""esp32-01"",""2.408"",""230"",""553.8"","""""
"38,""2026-06-09T11:19:59.087000"",""esp32-01"",""esp32-01"",""0.001"",""230"",""0.3"","""""
"37,""2026-06-09T11:19:53.634487"",""esp32-01"",""esp32-01"",""0.001"",""230"",""0.3"","""""
"36,""2026-06-09T11:19:48.412507"",""esp32-01"",""esp32-01"",""0.001"",""230"",""0.3"","""""
"35,""2026-06-09T11:19:43.183164"",""esp32-01"",""esp32-01"",""0.001"",""230"",""0.3"","""""
"34,""2026-06-09T11:19:37.966885"",""esp32-01"",""esp32-01"",""0.001"",""230"",""0.3"","""""
"33,""2026-06-09T11:19:32.744577"",""esp32-01"",""esp32-01"",""0.001"",""230"",""0.3"","""""
"32,""2026-06-09T11:19:27.523585"",""esp32-01"",""esp32-01"",""0.001"",""230"",""0.3"","""""
"31,""2026-06-09T11:19:22.291741"",""esp32-01"",""esp32-01"",""0.001"",""230"",""0.3"","""""
"30,""2026-06-09T11:19:17.180022"",""esp32-01"",""esp32-01"",""0.001"",""230"",""0.3"","""""
"29,""2026-06-09T11:19:11.864703"",""esp32-01"",""esp32-01"",""0.001"",""230"",""0.3"","""""
"28,""2026-06-09T11:19:06.632899"",""esp32-01"",""esp32-01"",""0.001"",""230"",""0.3"","""""
"27,""2026-06-09T11:19:01.410634"",""esp32-01"",""esp32-01"",""0.001"",""230"",""0.3"","""""
"26,""2026-06-09T11:18:56.290274"",""esp32-01"",""esp32-01"",""0.001"",""230"",""0.3"","""""
"25,""2026-06-09T11:18:51.067660"",""esp32-01"",""esp32-01"",""0.001"",""230"",""0.3"","""""
"24,""2026-06-09T11:18:45.844534"",""esp32-01"",""esp32-01"",""0.001"",""230"",""0.3"","""""
"23,""2026-06-09T11:18:40.530526"",""esp32-01"",""esp32-01"",""0.001"",""230"",""0.3"","""""
"22,""2026-06-09T11:18:35.249347"",""esp32-01"",""esp32-01"",""0.001"",""230"",""0.3"","""""
"21,""2026-06-09T11:18:30.075919"",""esp32-01"",""esp32-01"",""0.001"",""230"",""0.3"","""""
"20,""2026-06-09T11:18:24.803124"",""esp32-01"",""esp32-01"",""0.001"",""230"",""0.3"","""""
"19,""2026-06-09T11:18:19.630843"",""esp32-01"",""esp32-01"",""0.002"",""230"",""0.4"","""""
"18,""2026-06-09T11:18:14.357404"",""esp32-01"",""esp32-01"",""0.002"",""230"",""0.3"","""""
"17,""2026-06-09T11:18:09.138710"",""esp32-01"",""esp32-01"",""0.002"",""230"",""0.4"","""""
"16,""2026-06-09T11:18:03.912501"",""esp32-01"",""esp32-01"",""1.657"",""230"",""381.1"","""""
"15,""2026-06-09T11:17:58.536944"",""esp32-01"",""esp32-01"",""0.002"",""230"",""0.4"","""""
"14,""2026-06-09T11:17:53.253082"",""esp32-01"",""esp32-01"",""0.002"",""230"",""0.4"","""""
"13,""2026-06-09T11:17:48.100313"",""esp32-01"",""esp32-01"",""0.002"",""230"",""0.4"","""""
"12,""2026-06-09T11:17:42.810036"",""esp32-01"",""esp32-01"",""0.002"",""230"",""0.4"","""""
"11,""2026-06-09T11:17:37.851262"",""esp32-01"",""esp32-01"",""0.002"",""230"",""0.4"","""""
"10,""2026-06-09T11:17:32.402441"",""esp32-01"",""esp32-01"",""0.002"",""230"",""0.4"","""""
"9,""2026-06-09T11:17:27.210409"",""esp32-01"",""esp32-01"",""0.002"",""230"",""0.4"","""""
"8,""2026-06-09T11:17:21.922067"",""esp32-01"",""esp32-01"",""0.002"",""230"",""0.4"","""""
"7,""2026-06-09T11:17:16.756333"",""esp32-01"",""esp32-01"",""0.002"",""230"",""0.4"","""""
"6,""2026-06-09T11:17:11.540553"",""esp32-01"",""esp32-01"",""0.002"",""230"",""0.4"","""""
"5,""2026-06-09T11:17:06.253745"",""esp32-01"",""esp32-01"",""0.002"",""230"",""0.4"","""""
"4,""2026-06-09T11:17:01.030324"",""esp32-01"",""esp32-01"",""0.002"",""230"",""0.5"","""""
"3,""2026-06-09T11:16:55.706811"",""esp32-01"",""esp32-01"",""0"",""230"",""0"","""""
"2,""2026-06-09T11:16:50.748576"",""esp32-01"",""esp32-01"",""0"",""230"",""0"","""""
"1,""2026-06-09T11:16:45.649775"",""esp32-01"",""esp32-01"",""0"",""230"",""0"","""""